<?xml version="1.0" encoding="ISO-8859-1"?>

<?xml-stylesheet type="text/xsl" href="assigment3xsl.xsl"?>

<products>
	<stationary>
		<name> Black Pen </name>
		<price> 1.50 </price>
		<description> A basic black ballpoint pen that writes smoothly. </description>
		<inventory> 189 </inventory>
	</stationary>
	<stationary>
		<name> Mechanical Pencil </name>
		<price> 2.00 </price>
		<description> A mechanical pencil that contains 0.5mm lead. The pencil will come with 12 additional leads.</description>
		<inventory> 67 </inventory>
	</stationary>
	<stationary>
		<name> Eraser </name>
		<price> 1.00 </price>
		<description> Removes pencil lines leaving you with a clear and smudge-free surface. Comes with sleeve that prevents dirt from entering the eraser.</description>
		<inventory> 200 </inventory>
	</stationary>
	<stationary>
		<name> Invisible Tape </name>
		<price> 3.00 </price>
		<description> Helps mend items together and invisible when applied. This product will not leave marks when removed. </description>
		<inventory> 49 </inventory>
	</stationary>
	<stationary>
		<name> Pencil case </name>
		<price> 5.00 </price>
		<description> Keeps your stationary together in one place making it easy for transport. Good for organization. </description>
		<inventory> 15 </inventory>
	</stationary>

</products>